﻿<?xml version="1.0" encoding="utf-8"?>
<ImportExportXml version="9.2.23015.198" SolutionPackageVersion="9.2" languagecode="1033" generatedBy="CrmLive" xmlns:xsi="http://www.w3.org/2001/XMLSchema-instance">
  <SolutionManifest>
    <UniqueName>AutomationCoEMain</UniqueName>
    <LocalizedNames>
      <LocalizedName description="Automation CoE Main" languagecode="1033" />
    </LocalizedNames>
    <Descriptions>
      <Description description="This solution is intended to be installed once per tenant and will act as Automation CoE Main environment that stores synchronized data from satellite environments." languagecode="1033" />
    </Descriptions>
    <Version>1.0.20230308.1</Version>
    <Managed>1</Managed>
    <Publisher>
      <UniqueName>AutomationCoE</UniqueName>
      <LocalizedNames>
        <LocalizedName description="Automation CoE" languagecode="1033" />
      </LocalizedNames>
      <Descriptions>
        <Description description="Automation CoE Publisher" languagecode="1033" />
      </Descriptions>
      <EMailAddress xsi:nil="true"></EMailAddress>
      <SupportingWebsiteUrl xsi:nil="true"></SupportingWebsiteUrl>
      <CustomizationPrefix>autocoe</CustomizationPrefix>
      <CustomizationOptionValuePrefix>41114</CustomizationOptionValuePrefix>
      <Addresses>
        <Address>
          <AddressNumber>1</AddressNumber>
          <AddressTypeCode>1</AddressTypeCode>
          <City xsi:nil="true"></City>
          <County xsi:nil="true"></County>
          <Country xsi:nil="true"></Country>
          <Fax xsi:nil="true"></Fax>
          <FreightTermsCode xsi:nil="true"></FreightTermsCode>
          <ImportSequenceNumber xsi:nil="true"></ImportSequenceNumber>
          <Latitude xsi:nil="true"></Latitude>
          <Line1 xsi:nil="true"></Line1>
          <Line2 xsi:nil="true"></Line2>
          <Line3 xsi:nil="true"></Line3>
          <Longitude xsi:nil="true"></Longitude>
          <Name xsi:nil="true"></Name>
          <PostalCode xsi:nil="true"></PostalCode>
          <PostOfficeBox xsi:nil="true"></PostOfficeBox>
          <PrimaryContactName xsi:nil="true"></PrimaryContactName>
          <ShippingMethodCode>1</ShippingMethodCode>
          <StateOrProvince xsi:nil="true"></StateOrProvince>
          <Telephone1 xsi:nil="true"></Telephone1>
          <Telephone2 xsi:nil="true"></Telephone2>
          <Telephone3 xsi:nil="true"></Telephone3>
          <TimeZoneRuleVersionNumber xsi:nil="true"></TimeZoneRuleVersionNumber>
          <UPSZone xsi:nil="true"></UPSZone>
          <UTCOffset xsi:nil="true"></UTCOffset>
          <UTCConversionTimeZoneCode xsi:nil="true"></UTCConversionTimeZoneCode>
        </Address>
        <Address>
          <AddressNumber>2</AddressNumber>
          <AddressTypeCode>1</AddressTypeCode>
          <City xsi:nil="true"></City>
          <County xsi:nil="true"></County>
          <Country xsi:nil="true"></Country>
          <Fax xsi:nil="true"></Fax>
          <FreightTermsCode xsi:nil="true"></FreightTermsCode>
          <ImportSequenceNumber xsi:nil="true"></ImportSequenceNumber>
          <Latitude xsi:nil="true"></Latitude>
          <Line1 xsi:nil="true"></Line1>
          <Line2 xsi:nil="true"></Line2>
          <Line3 xsi:nil="true"></Line3>
          <Longitude xsi:nil="true"></Longitude>
          <Name xsi:nil="true"></Name>
          <PostalCode xsi:nil="true"></PostalCode>
          <PostOfficeBox xsi:nil="true"></PostOfficeBox>
          <PrimaryContactName xsi:nil="true"></PrimaryContactName>
          <ShippingMethodCode>1</ShippingMethodCode>
          <StateOrProvince xsi:nil="true"></StateOrProvince>
          <Telephone1 xsi:nil="true"></Telephone1>
          <Telephone2 xsi:nil="true"></Telephone2>
          <Telephone3 xsi:nil="true"></Telephone3>
          <TimeZoneRuleVersionNumber xsi:nil="true"></TimeZoneRuleVersionNumber>
          <UPSZone xsi:nil="true"></UPSZone>
          <UTCOffset xsi:nil="true"></UTCOffset>
          <UTCConversionTimeZoneCode xsi:nil="true"></UTCConversionTimeZoneCode>
        </Address>
      </Addresses>
    </Publisher>
    <RootComponents>
      <RootComponent type="1" schemaName="autocoe_auditlog" behavior="0" />
      <RootComponent type="1" schemaName="autocoe_automationcorporategoals" behavior="0" />
      <RootComponent type="1" schemaName="autocoe_automationproject" behavior="0" />
      <RootComponent type="1" schemaName="autocoe_automationprojectstakeholder" behavior="0" />
      <RootComponent type="1" schemaName="autocoe_averageautomationstepsscore" behavior="0" />
      <RootComponent type="1" schemaName="autocoe_baseconfiguration" behavior="0" />
      <RootComponent type="1" schemaName="autocoe_consoleconfig" behavior="0" />
      <RootComponent type="1" schemaName="autocoe_consolegallery" behavior="0" />
      <RootComponent type="1" schemaName="autocoe_department" behavior="0" />
      <RootComponent type="1" schemaName="autocoe_desktopflowaction" behavior="0" />
      <RootComponent type="1" schemaName="autocoe_desktopflowdefinition" behavior="0" />
      <RootComponent type="1" schemaName="autocoe_desktopflowdlpimpactprofile" behavior="0" />
      <RootComponent type="1" schemaName="autocoe_environment" behavior="0" />
      <RootComponent type="1" schemaName="autocoe_flow" behavior="0" />
      <RootComponent type="1" schemaName="autocoe_flowsessionexception" behavior="0" />
      <RootComponent type="1" schemaName="autocoe_flowsessionexceptionruleconfiguration" behavior="0" />
      <RootComponent type="1" schemaName="autocoe_flowsessiontrace" behavior="0" />
      <RootComponent type="1" schemaName="autocoe_machine" behavior="0" />
      <RootComponent type="1" schemaName="autocoe_machinegroup" behavior="0" />
      <RootComponent type="1" schemaName="autocoe_processcategory" behavior="0" />
      <RootComponent type="1" schemaName="autocoe_processingfrequencyscore" behavior="0" />
      <RootComponent type="1" schemaName="autocoe_processingpeaksscore" behavior="0" />
      <RootComponent type="1" schemaName="autocoe_processsubcategory" behavior="0" />
      <RootComponent type="1" schemaName="autocoe_role" behavior="0" />
      <RootComponent type="1" schemaName="autocoe_solutionmetering" behavior="0" />
      <RootComponent type="1" schemaName="autocoe_solutionmeteringartifact" behavior="0" />
      <RootComponent type="20" id="{519502c3-98bd-eb11-bacc-000d3a44b03c}" behavior="0" />
      <RootComponent type="20" id="{66fb2000-b5cd-eb11-bacc-000d3a272399}" behavior="0" />
      <RootComponent type="20" id="{aeea0ddc-98bd-eb11-bacc-000d3a44b03c}" behavior="0" />
      <RootComponent type="29" id="{426844f5-91f1-ec11-bb3d-002248098317}" behavior="0" />
      <RootComponent type="29" id="{6da1efe0-413a-ec11-8c62-000d3af47760}" behavior="0" />
      <RootComponent type="29" id="{aaa68a05-28b5-ec11-983f-0022480c47c8}" behavior="0" />
      <RootComponent type="29" id="{b65d5c0d-92f1-ec11-bb3d-002248098317}" behavior="0" />
      <RootComponent type="29" id="{d55dfcab-7347-ec11-8c62-000d3a5cbffc}" behavior="0" />
      <RootComponent type="29" id="{f60ca264-c3f3-ec11-bb3d-002248098317}" behavior="0" />
      <RootComponent type="29" id="{fefec70d-bf3c-ec11-b6e5-00224805cc2d}" behavior="0" />
      <RootComponent type="300" schemaName="autocoe_auditlogriskmatrixcustompage_ba6c0" behavior="0" />
      <RootComponent type="300" schemaName="autocoe_autocoetemplatelibrary_2e31f" behavior="0" />
      <RootComponent type="300" schemaName="autocoe_automationcenterdefaultcommandlibrary_960e9" behavior="0" />
      <RootComponent type="300" schemaName="autocoe_automationcoeconsole_e5b8b" behavior="0" />
      <RootComponent type="300" schemaName="autocoe_automationproject_f233b" behavior="0" />
      <RootComponent type="300" schemaName="autocoe_dlpimpactanalysisforpad_c54d9" behavior="0" />
      <RootComponent type="61" schemaName="autocoe_Audit" behavior="0" />
      <RootComponent type="61" schemaName="autocoe_Auditlog" behavior="0" />
      <RootComponent type="61" schemaName="autocoe_BaseConfig.svg" behavior="0" />
      <RootComponent type="61" schemaName="autocoe_Category.svg" behavior="0" />
      <RootComponent type="61" schemaName="autocoe_ConsoleConfig.svg" behavior="0" />
      <RootComponent type="61" schemaName="autocoe_ConsoleImages.svg" behavior="0" />
      <RootComponent type="61" schemaName="autocoe_Departments.svg" behavior="0" />
      <RootComponent type="61" schemaName="autocoe_Environment.svg" behavior="0" />
      <RootComponent type="61" schemaName="autocoe_ExceptionWarning.svg" behavior="0" />
      <RootComponent type="61" schemaName="autocoe_FlowCloud.svg" behavior="0" />
      <RootComponent type="61" schemaName="autocoe_Frequency.svg" behavior="0" />
      <RootComponent type="61" schemaName="autocoe_gauge.svg" behavior="0" />
      <RootComponent type="61" schemaName="autocoe_Goal.svg" behavior="0" />
      <RootComponent type="61" schemaName="autocoe_LightBulb" behavior="0" />
      <RootComponent type="61" schemaName="autocoe_OpenDialog" behavior="0" />
      <RootComponent type="61" schemaName="autocoe_Paw_Dark.svg" behavior="0" />
      <RootComponent type="61" schemaName="autocoe_Paw_Light.svg" behavior="0" />
      <RootComponent type="61" schemaName="autocoe_PeakPerformance.svg" behavior="0" />
      <RootComponent type="61" schemaName="autocoe_PowerAutomate" behavior="0" />
      <RootComponent type="61" schemaName="autocoe_powercatdark" behavior="0" />
      <RootComponent type="61" schemaName="autocoe_powercatlight" behavior="0" />
      <RootComponent type="61" schemaName="autocoe_Roles.svg" behavior="0" />
      <RootComponent type="61" schemaName="autocoe_RuleHammer.svg" behavior="0" />
      <RootComponent type="61" schemaName="autocoe_SessionsHistory.svg" behavior="0" />
      <RootComponent type="61" schemaName="autocoe_Solution.svg" behavior="0" />
      <RootComponent type="61" schemaName="autocoe_SolutionLink.svg" behavior="0" />
      <RootComponent type="61" schemaName="autocoe_Steps.svg" behavior="0" />
      <RootComponent type="61" schemaName="new_Stakeholders.svg" behavior="0" />
      <RootComponent type="62" schemaName="autocoe_AutomationCenter" behavior="0" />
      <RootComponent type="70" id="{274a2a66-74aa-ec11-9840-000d3a83c406}" behavior="0" />
      <RootComponent type="80" schemaName="autocoe_AutomationCenter" behavior="0" />
      <RootComponent type="9" schemaName="autocoe_auditcategory" behavior="0" />
      <RootComponent type="9" schemaName="autocoe_automationdeploymentstatus" behavior="0" />
      <RootComponent type="9" schemaName="autocoe_consequence" behavior="0" />
      <RootComponent type="9" schemaName="autocoe_environmenttype" behavior="0" />
      <RootComponent type="9" schemaName="autocoe_flowtype" behavior="0" />
      <RootComponent type="9" schemaName="autocoe_impactoptions" behavior="0" />
      <RootComponent type="9" schemaName="autocoe_likelihoodofreoccurrence" behavior="0" />
      <RootComponent type="9" schemaName="autocoe_primaryimprovementdriveroptions" behavior="0" />
      <RootComponent type="9" schemaName="autocoe_roleoptions" behavior="0" />
      <RootComponent type="9" schemaName="autocoe_solutionarftifacttype" behavior="0" />
      <RootComponent type="9" schemaName="autocoe_typeoptions" behavior="0" />
      <RootComponent type="9" schemaName="autocoe_usertype" behavior="0" />
    </RootComponents>
    <MissingDependencies>
      <MissingDependency>
        <Required type="1" schemaName="environmentvariabledefinition" displayName="Environment Variable Definition" solution="EnvironmentVariables (1.0.2.141)" />
        <Dependent type="300" schemaName="autocoe_dlpimpactanalysisforpad_c54d9" displayName="DLP Impact Analysis for PAD" />
      </MissingDependency>
      <MissingDependency>
        <Required type="1" schemaName="environmentvariablevalue" displayName="Environment Variable Value" solution="EnvironmentVariables (1.0.2.141)" />
        <Dependent type="300" schemaName="autocoe_dlpimpactanalysisforpad_c54d9" displayName="DLP Impact Analysis for PAD" />
      </MissingDependency>
      <MissingDependency>
        <Required type="61" schemaName="msdyn_/Images/AppModule_Default_Icon.png" displayName="msdyn_/Images/AppModule_Default_Icon.png" solution="AppModuleWebResources (2.5)" />
        <Dependent type="80" schemaName="autocoe_AutomationCenter" displayName="Automation Center" />
      </MissingDependency>
      <MissingDependency>
        <Required type="66" schemaName="cat_PowerCAT.CommandBar" displayName="cat_PowerCAT.CommandBar" solution="CreatorKitCore (1.0.20221102.3)">
          <package>CreatorKitCore (1.0.20221102.3)</package>
        </Required>
        <Dependent type="300" schemaName="autocoe_automationproject_f233b" displayName="Automation Project" />
      </MissingDependency>
      <MissingDependency>
        <Required type="66" schemaName="cat_PowerCAT.FluentDetailsList" displayName="cat_PowerCAT.FluentDetailsList" solution="CreatorKitCore (1.0.20221102.3)">
          <package>CreatorKitCore (1.0.20221102.3)</package>
        </Required>
        <Dependent type="300" schemaName="autocoe_automationproject_f233b" displayName="Automation Project" />
      </MissingDependency>
      <MissingDependency>
        <Required type="66" schemaName="cat_PowerCAT.FluentDetailsList" displayName="cat_PowerCAT.FluentDetailsList" solution="CreatorKitCore (1.0.20221102.3)">
          <package>CreatorKitCore (1.0.20221102.3)</package>
        </Required>
        <Dependent type="300" schemaName="autocoe_dlpimpactanalysisforpad_c54d9" displayName="DLP Impact Analysis for PAD" />
      </MissingDependency>
      <MissingDependency>
        <Required type="66" schemaName="cat_PowerCAT.Icon" displayName="cat_PowerCAT.Icon" solution="CreatorKitCore (1.0.20221102.3)">
          <package>CreatorKitCore (1.0.20221102.3)</package>
        </Required>
        <Dependent type="300" schemaName="autocoe_automationproject_f233b" displayName="Automation Project" />
      </MissingDependency>
      <MissingDependency>
        <Required type="66" schemaName="cat_PowerCAT.Picker" displayName="cat_PowerCAT.Picker" solution="CreatorKitCore (1.0.20221102.3)">
          <package>CreatorKitCore (1.0.20221102.3)</package>
        </Required>
        <Dependent type="300" schemaName="autocoe_automationproject_f233b" displayName="Automation Project" />
      </MissingDependency>
      <MissingDependency>
        <Required type="66" schemaName="cat_PowerCAT.Pivot" displayName="cat_PowerCAT.Pivot" solution="CreatorKitCore (1.0.20221102.3)">
          <package>CreatorKitCore (1.0.20221102.3)</package>
        </Required>
        <Dependent type="300" schemaName="autocoe_automationproject_f233b" displayName="Automation Project" />
      </MissingDependency>
    </MissingDependencies>
  </SolutionManifest>
</ImportExportXml>