<customapirequestparameter uniquename="StoreExtractedScript">
  <description default="Indicates whether the extracted Desktop Flow Script should also be store in Dataverse or just the DLP Impact profile.">
    <label description="Indicates whether the extracted Desktop Flow Script should also be store in Dataverse or just the DLP Impact profile." languagecode="1033" />
  </description>
  <displayname default="Store Extracted Desktop Flow Script">
    <label description="Store Extracted Desktop Flow Script" languagecode="1033" />
  </displayname>
  <iscustomizable>1</iscustomizable>
  <isoptional>0</isoptional>
  <name>Store Extracted Desktop Flow Script</name>
  <type>0</type>
</customapirequestparameter>