<environmentvariabledefinition schemaname="autocoe_EnvironmentName">
  <description default="The environment name of the current environment. This will be added to the flow session trace table during processing. Example &quot;Contoso_Prod&quot;">
    <label description="The environment name of the current environment. This will be added to the flow session trace table during processing. Example &quot;Contoso_Prod&quot;" languagecode="1033" />
  </description>
  <displayname default="Environment Name">
    <label description="Environment Name" languagecode="1033" />
  </displayname>
  <introducedversion>1.0.0.0</introducedversion>
  <iscustomizable>1</iscustomizable>
  <isrequired>0</isrequired>
  <secretstore>0</secretstore>
  <type>100000000</type>
</environmentvariabledefinition>