<manifest><control namespace="PowerCAT" constructor="Persona" version="1.0.19" display-name-key="Persona" description-key="Persona description" control-type="virtual" api-version="1.3.4"><property name="ImageUrl" display-name-key="ImageUrl" of-type="SingleLine.Text" usage="input" required="false" /><property name="ImageInitials" display-name-key="ImageInitials" of-type="SingleLine.Text" usage="input" required="false" /><property name="Text" display-name-key="Text" of-type="SingleLine.Text" usage="input" required="false" /><property name="SecondaryText" display-name-key="SecondaryText" of-type="SingleLine.Text" usage="input" required="false" /><property name="TertiaryText" display-name-key="TertiaryText" of-type="SingleLine.Text" usage="input" required="false" /><property name="OptionalText" display-name-key="OptionalText" of-type="SingleLine.Text" usage="input" required="false" /><property name="ImageAlt" display-name-key="ImageAlt" of-type="SingleLine.Text" usage="input" required="false" /><property name="HidePersonaDetails" display-name-key="HidePersonaDetails" of-type="TwoOptions" usage="input" /><property name="AccessibilityLabel" display-name-key="AccessibilityLabel" of-type="SingleLine.Text" usage="input" required="false" /><property name="Theme" display-name-key="Theme" of-type="Multiple" usage="input" required="false" /><property name="PersonaSize" display-name-key="PersonaSize" description-key="PersonaSize" usage="input" of-type="Enum" required="false"><value name="Size8" display-name-key="Size8" description-key="Size8">17</value><value name="Size24" display-name-key="Size24" description-key="Size24">10</value><value name="Size32" display-name-key="Size32" description-key="Size32">11</value><value name="Size40" display-name-key="Size40" description-key="Size40">12</value><value name="Size48" display-name-key="Size48" description-key="Size48" default="true">13</value><value name="Size56" display-name-key="Size56" description-key="Size56">16</value><value name="Size72" display-name-key="Size72" description-key="Size72">14</value><value name="Size100" display-name-key="Size100" description-key="Size100">15</value><value name="Size120" display-name-key="Size120" description-key="Size120">18</value></property><property name="Presence" display-name-key="Presence" description-key="Presence" usage="input" of-type="Enum" required="false"><value name="None" display-name-key="None" description-key="None">0</value><value name="Offline" display-name-key="Offline" description-key="Offline">1</value><value name="Online" display-name-key="Online" description-key="Online" default="true">2</value><value name="Away" display-name-key="Away" description-key="Away">3</value><value name="Dnd" display-name-key="Dnd" description-key="Dnd">4</value><value name="Blocked" display-name-key="Blocked" description-key="Blocked">5</value><value name="Busy" display-name-key="Busy" description-key="Busy">6</value></property><property name="PersonaInitialsColor" display-name-key="PersonaInitialsColor" description-key="PersonaInitialsColor" usage="input" of-type="Enum" required="false"><value name="LightBlue" display-name-key="lightBlue" description-key="lightBlue">lightBlue</value><value name="Blue" display-name-key="blue" description-key="blue">blue</value><value name="DarkBlue" display-name-key="darkBlue" description-key="darkBlue">darkBlue</value><value name="Teal" display-name-key="teal" description-key="teal">teal</value><value name="Green" display-name-key="green" description-key="green">green</value><value name="DarkGreen" display-name-key="darkGreen" description-key="darkGreen">darkGreen</value><value name="LightPink" display-name-key="lightPink" description-key="lightPink">lightPink</value><value name="Pink" display-name-key="pink" description-key="pink">pink</value><value name="Magenta" display-name-key="magenta" description-key="magenta">magenta</value><value name="Purple" display-name-key="purple" description-key="purple">purple</value><value name="Orange" display-name-key="orange" description-key="orange">orange</value><value name="LightRed" display-name-key="lightRed" description-key="lightRed">lightRed</value><value name="DarkRed" display-name-key="darkRed" description-key="darkRed">darkRed</value><value name="Violet" display-name-key="violet" description-key="violet" default="true">violet</value><value name="Gold" display-name-key="gold" description-key="gold">gold</value><value name="Burgundy" display-name-key="burgundy" description-key="burgundy">burgundy</value><value name="WarmGray" display-name-key="warmGray" description-key="warmGray">warmGray</value><value name="Cyan" display-name-key="cyan" description-key="cyan">cyan</value><value name="Rust" display-name-key="rust" description-key="rust">rust</value><value name="CoolGray" display-name-key="coolGray" description-key="coolGray">coolGray</value></property><resources><code path="bundle.js" order="1" /><resx path="strings/Persona.1033.resx" version="1.0.0" /><platform-library name="React" version="16.8.6" /><platform-library name="Fluent" version="8.29.0" /></resources><built-by name="pac" version="1.19.4" /></control></manifest>