<environmentvariabledefinition schemaname="autocoe_DefaultFrequencyValues">
  <defaultvalue>{"processfrequency":{"hourly":2008,"daily": 251,"weekly": 52,"monthly": 12,"quarterly": 4,"yearly": 1 } }</defaultvalue>
  <description default="Default value for process frequency like hourly/daily/weekly/monthly and yearly">
    <label description="Default value for process frequency like hourly/daily/weekly/monthly and yearly" languagecode="1033" />
  </description>
  <displayname default="DefaultFrequencyValues">
    <label description="DefaultFrequencyValues" languagecode="1033" />
  </displayname>
  <introducedversion>1.0.20221217.1</introducedversion>
  <iscustomizable>1</iscustomizable>
  <isrequired>0</isrequired>
  <secretstore>0</secretstore>
  <type>100000003</type>
</environmentvariabledefinition>