<environmentvariabledefinition schemaname="autocoe_EnvironmentUniqueNameofCoEMain">
  <description default="Main Environment - Unique name along with its [.crm] extension. Example &quot;unqda99ac46cfcd47eba73db6d73de2e.crm&quot;. Please note that the extension 'crm', 'crm[x]'etc. Is region dependent. Found in Session details in Power Apps portal">
    <label description="Main Environment - Unique name along with its [.crm] extension. Example &quot;unqda99ac46cfcd47eba73db6d73de2e.crm&quot;. Please note that the extension 'crm', 'crm[x]'etc. Is region dependent. Found in Session details in Power Apps portal" languagecode="1033" />
  </description>
  <displayname default="Environment Unique Name of CoE Main">
    <label description="Environment Unique Name of CoE Main" languagecode="1033" />
  </displayname>
  <introducedversion>1.0.0.2</introducedversion>
  <iscustomizable>1</iscustomizable>
  <isrequired>0</isrequired>
  <secretstore>0</secretstore>
  <type>100000000</type>
</environmentvariabledefinition>