<manifest><control namespace="PowerCAT" constructor="Nav" version="1.0.19" display-name-key="Nav" description-key="Nav_Desc" control-type="virtual" api-version="1.3.4"><property name="SelectedKey" display-name-key="SelectedKey" usage="bound" of-type="SingleLine.Text" /><property name="Theme" display-name-key="Theme" of-type="Multiple" usage="input" required="false" /><property name="AccessibilityLabel" display-name-key="AccessibilityLabel" of-type="SingleLine.Text" usage="input" required="false" /><property name="CollapseByDefault" display-name-key="CollapseByDefault" of-type="TwoOptions" usage="input" /><property name="InputEvent" display-name-key="InputEvent" of-type="SingleLine.Text" usage="input" /><data-set name="items" display-name-key="Items"><property-set name="ItemDisplayName" display-name-key="Display Name" of-type="SingleLine.Text" usage="bound" required="true" /><property-set name="ItemKey" display-name-key="Key" of-type="SingleLine.Text" usage="bound" required="true" /><property-set name="ItemEnabled" display-name-key="Enabled" of-type="TwoOptions" usage="bound" required="false" /><property-set name="ItemVisible" display-name-key="Visible" of-type="TwoOptions" usage="bound" required="false" /><property-set name="ItemIconName" display-name-key="IconName" of-type="SingleLine.Text" usage="bound" required="false" /><property-set name="ItemIconColor" display-name-key="IconColor" of-type="SingleLine.Text" usage="bound" required="false" /><property-set name="ItemTextColor" display-name-key="ItemTextColor" of-type="SingleLine.Text" usage="bound" required="false" /><property-set name="ItemParentKey" display-name-key="ParentKey" of-type="SingleLine.Text" usage="bound" required="false" /><property-set name="ItemExpanded" display-name-key="ItemExpanded" of-type="TwoOptions" usage="bound" required="false" /></data-set><resources><code path="bundle.js" order="1" /><resx path="strings/FluentNav.1033.resx" version="1.0.0" /><platform-library name="React" version="16.8.6" /><platform-library name="Fluent" version="8.29.0" /></resources><built-by name="pac" version="1.14.2" /></control></manifest>