<manifest><control namespace="PowerCAT" constructor="Shimmer" version="1.0.19" display-name-key="Shimmer" description-key="Shimmer_Desc" control-type="virtual" api-version="1.3.4"><property name="Theme" display-name-key="Theme" of-type="Multiple" usage="input" required="false" /><property name="AccessibilityLabel" display-name-key="AccessibilityLabel" of-type="SingleLine.Text" usage="input" required="false" /><property name="RowCount" display-name-key="RowCount" of-type="Whole.None" usage="input" default-value="1" required="true" /><property name="SpacebetweenShimmer" display-name-key="SpacebetweenShimmer" description-key="SpaceBetweenShimmer" usage="input" of-type="Enum" required="true"><value name="0px" display-name-key="0px" description-key="0">0</value><value name="10px" display-name-key="10px" description-key="10px" default="true">10px</value><value name="20px" display-name-key="20px" description-key="20px">20px</value><value name="30px" display-name-key="30px" description-key="30px">30px</value><value name="40px" display-name-key="40px" description-key="40px">40px</value><value name="50px" display-name-key="50px" description-key="50px">50px</value></property><data-set name="items" display-name-key="Items"><property-set name="ItemType" display-name-key="ItemType" of-type="SingleLine.Text" usage="bound" required="true" /><property-set name="ItemHeight" display-name-key="ItemHeight" of-type="Whole.None" usage="bound" required="false" /><property-set name="ItemWidth" display-name-key="ItemWidth" of-type="Whole.None" usage="bound" required="false" /><property-set name="ItemVerticalAlign" display-name-key="ItemVerticalAlign" of-type="SingleLine.Text" usage="bound" required="false" /></data-set><resources><code path="bundle.js" order="1" /><resx path="strings/Shimmer.1033.resx" version="1.0.0" /><platform-library name="React" version="16.8.6" /><platform-library name="Fluent" version="8.29.0" /></resources><built-by name="pac" version="1.16.6" /></control></manifest>