<environmentvariabledefinition schemaname="autocoe_DesktopFlowsBaseURL">
  <description default="The Base URL for Desktop Flows in Power Automate Portal e.g. &quot;https://germany.flow.microsoft.com/manage/environments/&quot; Or use the new link which can be used for any regions &quot;https://make.powerautomate.com/environments/&quot;.">
    <label description="The Base URL for Desktop Flows in Power Automate Portal e.g. &quot;https://germany.flow.microsoft.com/manage/environments/&quot; Or use the new link which can be used for any regions &quot;https://make.powerautomate.com/environments/&quot;." languagecode="1033" />
  </description>
  <displayname default="Desktop Flows Base URL">
    <label description="Desktop Flows Base URL" languagecode="1033" />
  </displayname>
  <introducedversion>1.0.0.0</introducedversion>
  <iscustomizable>1</iscustomizable>
  <isrequired>0</isrequired>
  <secretstore>0</secretstore>
  <type>100000000</type>
</environmentvariabledefinition>