<environmentvariabledefinition schemaname="autocoe_AutomationCoEAlertEmailRecipient">
  <defaultvalue>kmarram@PASandbox.onmicrosoft.com</defaultvalue>
  <description default="Flow Exception Framework - The email address where operational reports and alerts should be sent to">
    <label description="Flow Exception Framework - The email address where operational reports and alerts should be sent to" languagecode="1033" />
  </description>
  <displayname default="Automation CoE Alert Email Recipient">
    <label description="Automation CoE Alert Email Recipient" languagecode="1033" />
  </displayname>
  <introducedversion>1.0.0.0</introducedversion>
  <iscustomizable>1</iscustomizable>
  <isrequired>0</isrequired>
  <secretstore>0</secretstore>
  <type>100000000</type>
</environmentvariabledefinition>