<environmentvariabledefinition schemaname="autocoe_AKVClientSecretSecret">
  <description default="AKV Client Secret Secret - Example &quot;/subscriptions/{SubscriptionID}/resourceGroups/{ResourceGroupName}/providers/Microsoft.KeyVault/vaults/{KeyVaultName}/secrets/{SecretName}&quot;">
    <label description="AKV Client Secret Secret - Example &quot;/subscriptions/{SubscriptionID}/resourceGroups/{ResourceGroupName}/providers/Microsoft.KeyVault/vaults/{KeyVaultName}/secrets/{SecretName}&quot;" languagecode="1033" />
  </description>
  <displayname default="AKV Client Secret Secret">
    <label description="AKV Client Secret Secret" languagecode="1033" />
  </displayname>
  <introducedversion>0.0.1.1</introducedversion>
  <iscustomizable>1</iscustomizable>
  <isrequired>0</isrequired>
  <secretstore>0</secretstore>
  <type>100000005</type>
</environmentvariabledefinition>