<manifest><control namespace="PowerCAT" constructor="Icon" version="1.0.19" display-name-key="Icon" description-key="Icon_Desc" control-type="virtual" api-version="1.3.4"><property name="IconName" display-name-key="IconName" of-type="SingleLine.Text" usage="input" required="true" /><property name="IconType" display-name-key="IconType" of-type="Enum" usage="input" required="true" default-value="0"><value name="IconButon" display-name-key="IconTypeIconButton">0</value><value name="ActionButton" display-name-key="IconTypeActionButton">1</value><value name="Icon" display-name-key="IconTypeIcon">2</value></property><property name="Text" display-name-key="Text" of-type="SingleLine.Text" usage="input" required="false" /><property name="TextAlignment" display-name-key="TextAlignment" of-type="Enum" usage="input" required="true" default-value="1"><value name="Center" display-name-key="Center">0</value><value name="Left" display-name-key="Left">1</value><value name="Right" display-name-key="Right">2</value></property><property name="IconColor" display-name-key="IconColor" of-type="SingleLine.Text" usage="input" required="false" /><property name="HoverIconColor" display-name-key="HoverIconColor" of-type="SingleLine.Text" usage="input" required="false" /><property name="IconSize" display-name-key="IconSize" of-type="Whole.None" usage="input" required="false" /><property name="FontSize" display-name-key="FontSize" of-type="Whole.None" usage="input" required="false" /><property name="FontColor" display-name-key="FontColor" of-type="SingleLine.Text" usage="input" required="false" /><property name="HoverFontColor" display-name-key="HoverFontColor" of-type="SingleLine.Text" usage="input" required="false" /><property name="FillColor" display-name-key="FillColor" of-type="SingleLine.Text" usage="input" required="false" /><property name="HoverFillColor" display-name-key="HoverFillColor" of-type="SingleLine.Text" usage="input" required="false" /><property name="BorderColor" display-name-key="BorderColor" of-type="SingleLine.Text" usage="input" required="false" /><property name="HoverBorderColor" display-name-key="HoverBorderColor" of-type="SingleLine.Text" usage="input" required="false" /><property name="BorderRadius" display-name-key="BorderRadius" of-type="Whole.None" usage="input" required="false" /><property name="Theme" display-name-key="Theme" of-type="Multiple" usage="input" required="false" /><property name="AccessibilityLabel" display-name-key="AccessibilityLabel" description-key="AccessibilityLabel_Desc" of-type="SingleLine.Text" usage="input" required="false" /><property name="OutputEvent" display-name-key="OutputEvent" usage="output" of-type="SingleLine.Text" /><property name="InputEvent" display-name-key="InputEvent" of-type="SingleLine.Text" usage="input" /><resources><code path="bundle.js" order="1" /><resx path="strings/Icon.1033.resx" version="1.0.0" /><platform-library name="React" version="16.8.6" /><platform-library name="Fluent" version="8.29.0" /></resources><built-by name="pac" version="1.14.2" /></control></manifest>