<customapi uniquename="AutoCoE_DesktopFlowDefinitionAnalysis">
  <allowedcustomprocessingsteptype>1</allowedcustomprocessingsteptype>
  <bindingtype>0</bindingtype>
  <description default="Desktop Flow Definition Analysis">
    <label description="Desktop Flow Definition Analysis" languagecode="1033" />
  </description>
  <displayname default="Desktop Flow Definition Analysis">
    <label description="Desktop Flow Definition Analysis" languagecode="1033" />
  </displayname>
  <iscustomizable>1</iscustomizable>
  <isfunction>0</isfunction>
  <isprivate>0</isprivate>
  <name>Desktop Flow Definition Analysis</name>
  <plugintypeid>
    <plugintypeid>f1437374-bc98-4a08-91df-6453687c3f6e</plugintypeid>
  </plugintypeid>
  <workflowsdkstepenabled>0</workflowsdkstepenabled>
</customapi>