<ImportExportXml xmlns:xsi="http://www.w3.org/2001/XMLSchema-instance" OrganizationVersion="9.2.25111.166" OrganizationSchemaType="Standard" CRMServerServiceabilityVersion="9.2.25112.00165">
  <Entities></Entities>
  <Roles></Roles>
  <Workflows></Workflows>
  <FieldSecurityProfiles></FieldSecurityProfiles>
  <Templates />
  <EntityMaps />
  <EntityRelationships />
  <OrganizationSettings />
  <optionsets />
  <CustomControls />
  <EntityDataProviders />
  <Connectors>
    <Connector>
      <connectorid>b9f88b25-27ff-4da3-b4f8-5eae95610987</connectorid>
      <description></description>
      <displayname>Custom Connector</displayname>
      <iconbrandcolor>#007ee5</iconbrandcolor>
      <name>cra26_custom-20connector</name>
      <connectortype>1</connectortype>
      <openapidefinition>/Connector/cra26_custom-20connector_openapidefinition.json</openapidefinition>
      <connectionparameters>/Connector/cra26_custom-20connector_connectionparameters.json</connectionparameters>
      <policytemplateinstances>/Connector/cra26_custom-20connector_policytemplateinstances.json</policytemplateinstances>
      <iconblob>/Connector/cra26_custom-20connector_iconblob.Png</iconblob>
    </Connector>
  </Connectors>
  <Languages>
    <Language>1033</Language>
  </Languages>
</ImportExportXml>