<environmentvariabledefinition schemaname="autocoe_AutomationProjectAppID">
  <description default="The Automation Project App ID of the Canvas App that is deployed with the main solution - Example &quot;87102a72-3d17-4a5f-b1ab-15447e297cae&quot;">
    <label description="The Automation Project App ID of the Canvas App that is deployed with the main solution - Example &quot;87102a72-3d17-4a5f-b1ab-15447e297cae&quot;" languagecode="1033" />
  </description>
  <displayname default="Automation Project App ID">
    <label description="Automation Project App ID" languagecode="1033" />
  </displayname>
  <introducedversion>0.0.0.11</introducedversion>
  <iscustomizable>1</iscustomizable>
  <isrequired>0</isrequired>
  <secretstore>0</secretstore>
  <type>100000000</type>
</environmentvariabledefinition>